id,height,location_name,mountain_range
1,710,Adam i Ewa ,3
2,1185,Adamcula ,0
3,612,Adamczykowa ,1
4,354,Andrychów ,1
5,895,Autocamp Račkova dolina / Autocamping Dolina Rac ,0
6,1725,Babia Góra ,1
7,710,Babica ,1
8,600,Babica Zachodnia ,1
9,470,Bacówka Jamna ,1
10,1064,Bacówka PTTK Krawców Wierch ,1
11,1207,Bacówka Rycerzowa  ,1
12,766,Baków ,1
13,440,Baligród ,2
14,712,Balnica ,2
15,591,Banica ,2
16,2178,Baníkov ,0
17,2040,Baníkowska Przełęcz ,0
18,2185,Baranec ,0
19,1220,Barania Góra  ,1
20,754,Baranie ,2
21,325,Barcice ,1
22,270,Bardo ,3
23,534,Bardo ,2
24,565,Barnasiówka ,1
25,490,Bartne ,2
26,619,Bartne ,2
27,440,Barwinek ,2
28,703,Barwinkowa Góra ,1
29,668,Barwinok ,2
30,680,Batorówek ,3
31,1884,Batyżowiecki Staw ,0
32,862,Becyrek ,1
33,540,Beczkowski Potok ,3
34,1093,Bednarów Beskid ,1
35,884,Berdo ,2
36,610,Bereżki ,2
37,954,Beskid Korbielowski ,1
38,684,Beskidek ,1
39,790,Beskidy ,1
40,503,Betlejem ,3
41,493,Białe ,1
42,689,Białka Tatrzańska ,1
43,616,Białowodzka Góra ,1
44,300,Bialskie Rozdroże ,3
45,1250,Biały Jar ,3
46,440,Biały Kamień ,3
47,180,Biały Kościół ,3
48,1215,Biały Wag ,0
49,330,Biedrzychowice ,3
50,740,Biela Farma ,1
51,940,Biela Skala ,0
52,1015,Biela Voda ,0
53,400,Bielanka ,2
54,691,Bielanka Górna ,1
55,270,Bielanka k/Lwówka ,3
56,320,Bielawa ,3
57,750,Bielice ,3
58,500,Bieńkówka ,1
59,533,Bijakowa ,3
60,891,Biskupia Kopa ,3
61,850,Biskupia Kopa schronisko ,3
62,917,Błatnia ,1
63,853,Błędne Skały ,3
64,838,Błędne Skały - parking ,3
65,843,Błędne Skały - wejscie ,3
66,427,Błonia Mikuszowickie ,1
67,260,Błonie ,1
68,440,Błonie nad Kudową ,3
69,239,Błotnica ,3
70,2158,Błyszcz ,0
71,280,Bobolice ,3
72,290,Bobowa ,2
73,1359,Bobrovecké sedlo / Bobrowiecka Przełęcz ,0
74,699,Bobrowe Skały ,3
75,1333,Bobrowiecki Żleb ,0
76,220,Bochnia ,1
77,260,Bodzantówka ,1
78,645,Bogoria ,3
79,540,Boguszów ,3
80,340,Bojanicka Struga ,3
81,570,Bolesławów ,3
82,340,Bolków ,3
83,600,Boracza ,3
84,854,Borowa ,3
85,670,Borowice ,3
86,398,Brenna ,1
87,447,Brenna Bukowa ,1
88,420,Brenna Centrum ,1
89,490,Brenna Leśniczówka ,1
90,360,Brenna skrzyżowanie ,1
91,472,Brenna szkoła ,1
92,1910,Brestová / Brestowa ,0
93,280,Brylińce ,2
94,536,Brzanka ,2
95,740,Brzegi Górne ,2
96,1015,Brzeziny ,0
97,220,Brzeźnica ,1
98,310,Brzeźnica ,3
99,445,Buczkowice ,1
100,865,Budniki ,3
101,360,Budzów ,1
102,430,Bukovec / Bukowiec ,1
103,1201,Bukowe Berdo ,2
104,430,Bukowiec ,3
105,480,Bukowiec ,2
106,530,Bukowiec ,1
107,835,Bukowiec ,3
108,450,Bukowiec osada ,1
109,1049,Bukowina / Talapkov Beskyd ,1
110,1143,Bukowina Miejska ,1
111,1039,Bukowina Obidowska  ,1
112,950,Bukowina Tatrzańska ,0
113,758,Bukowina Tatrzańska Dolna ,0
114,510,Bukówka ,3
115,510,Bulina ,1
116,1145,Butorowy Wierch  ,0
117,453,Bystra ,1
118,467,Bystra ,1
119,2248,Bystrá / Bystra ,0
120,2314,Bystrá lávka / Bystra Ławka ,0
121,449,Bystra Podhalańska ,1
122,350,Bystřice / Bystrzyca ,1
123,1946,Bystry Karb ,0
124,280,Bystrzyca Górna ,3
125,1180,Bývalá Važecká chata / dawne Schronisko Ważeckie ,0
126,700,Cergowa ,2
127,770,Chata Bahenec / Horský Welness Hotel Bahenec ,1
128,745,Chata Filipka / Schronisko Filipka ,1
129,645,Chata Hrádek / Schronisko Hradek ,1
130,860,Chata Magóry ,1
131,950,Chata na Čantoryje ,1
132,1300,Chata Plesnivec / Schronisko pod Szarotką ,0
133,2245,Chata pod Rysmi / Schronisko pod Rysami ,0
134,1825,Chata pod Soliskom / Schronisko pod Soliskiem ,0
135,1550,Chata pri Zelenom plese / Schronisko nad Zielony ,0
136,895,Chata Socjologa ,2
137,800,Chatka Gibasówka ,1
138,800,Chatka pod Potrójną ,1
139,690,Chatka Studencka Rogacz ,1
140,600,Chełm ,1
141,779,Chełm nad Grybowem ,2
142,530,Chełm Wschodni ,1
143,851,Chełmiec ,3
144,510,Chełmsko Śląskie ,3
145,370,Chłodnik ,3
146,400,Chmieleń ,3
147,771,Chochołów ,0
148,420,Chrewt ,2
149,440,Chrośnica ,3
150,540,Chrośnicka Przełęcz ,3
151,984,Chryszczata ,2
152,1850,Chuda Przełęcz  ,0
153,459,Chyrowa ,2
154,829,Ciecień  ,1
155,2096,Ciemniak ,0
156,520,Cieniawa ,1
157,686,Cieńków - wyciąg ,1
158,430,Cieplice Zdrój ,3
159,270,Ciepłowody ,3
160,910,Čierna voda ,0
161,360,Cierniowa Kopa ,3
162,270,Ciężkowice ,2
163,325,cis Bolko ,3
164,560,Cisna ,2
165,805,Cisowa Prz. ,1
166,685,Cisowa Skała ,1
167,565,Cubla Góra ,1
168,857,Cupel ,1
169,1072,Ćwilin  ,1
170,1298,Cyl Hali Śmietanowej  ,1
171,260,Czaple ,3
172,1350,Czarna Przełęcz ,3
173,360,Czarne ,3
174,480,Czarny Bór ,3
175,673,Czarny Dział ,1
176,1624,Czarny Staw Gąsienicowy  ,0
177,1580,Czarny Staw nad Morskim Okiem  ,0
178,286,Czartak ,1
179,463,Czartowska Skała ,3
180,290,Czasław-Wżary ,1
181,230,Czchów ,1
182,538,Czeremcha ,2
183,1124,Czeremcha ,1
184,912,Czeremin ,2
185,1062,Czerniawa Sucha  ,1
186,540,Czerniawa Zdrój ,3
187,310,Czernica ,3
188,1084,Czernica ,3
189,400,Czernichów ,1
190,1067,Czerteż ,2
191,777,Czertezik  ,1
192,400,Czerwieńczyce ,3
193,240,Czerwieniec ,3
194,898,Czerwienne - Nabudza ,0
195,1301,Czerwona Przełęcz  ,0
196,560,Czerwona Skała ,3
197,449,Czerwone Wzgórze ,3
198,1656,Czerwony Staw w Dolinie Pańszczycy ,0
199,1405,Czeska Budka ,3
200,634,Czorsztyn - pawilon PPN ,1
201,588,Czorsztyn - zamek ,1
202,230,Czudec ,2
203,710,Czułów Groń ,1
204,934,Czupel ,1
205,433,Dańczów ,3
206,520,Darnków ,3
207,220,Dębno ,1
208,334,Dębowe Wzgórza ,3
209,379,Dębowiec ,3
210,588,Diabli Kamień ,1
211,440,Diabli Kamień - skrz. szlaków  ,2
212,378,Dlugopole-Zdrój ,3
213,612,Długosz ,3
214,444,Długota ,3
215,240,Dobczyce ,1
216,479,Dobka ,1
217,481,Dobra PKP ,1
218,430,Dol. Bystrego Potoku ,3
219,1092,Dolina Białego ,0
220,650,Dolina Czarnego Potoku ,1
221,962,Dolina Filipka ,0
222,570,Dolina Janówki ,3
223,1280,Dolina Jarząbcza ,0
224,1010,Dolina ku Dziurze ,0
225,1000,Dolina za Bramką ,0
226,1785,Dolina za Mnichem  ,0
227,2130,Dolinka pod Sedielkom / Dolinka Lodowa ,0
228,530,Dołżyca ,2
229,530,Dołżyca ,2
230,1400,Dom Śląski ,3
231,835,Dom Turysty PTTK ,0
232,455,Domanów ,3
233,468,Dominiczna Góra ,1
234,432,Draboż ,1
235,720,Droga Morawska ,3
236,410,Drogosław ,3
237,681,Drogosz ,3
238,1500,Drygant ,0
239,390,Drymak / pole namiotowe ,2
240,904,Dubne ,1
241,1010,Dudova ,1
242,340,Dukla ,2
243,934,Durbaszka ,1
244,979,Durna ,2
245,728,Dursztyn ,1
246,480,Duszatyn ,2
247,536,Duszniki-Zdrój  ,3
248,789,Duszniki-Zdrój TPG ,3
249,710,Dwa Borowiki ,3
250,520,Dwernik ,2
251,1608,Dwoiśniak ,0
252,455,Dział ,1
253,600,Dział ,2
254,601,Dział ,1
255,580,Działek ,1
256,846,Dzianisz ,0
257,792,Dzielec ,2
258,1113,Dziurkowiec ,2
259,983,Dzwonkówka ,1
260,1022,Eliaszówka ,0
261,1023,Eliaszówka ,1
262,743,Fajkówka ,1
263,957,Fałowa ,2
264,639,Falsztyn ,1
265,560,Ferdel ,2
266,602,Flasza ,2
267,400,Florynka ,2
268,380,Folusz ,2
269,1317,Folvarská poľana / Folwarska Polana ,0
270,379,Frycowa ,1
271,1690,Gáborov zadok / Dolina Zadnia Gaborowa ,0
272,758,Gachowizna ,1
273,440,Gajów ,3
274,982,Galicowa Grapa  ,0
275,822,Garb Średni ,2
276,797,Garbatka ,3
277,380,Giebułtów ,3
278,302,Gierałcice ,3
279,440,Gierczyn ,3
280,1909,Giewont  ,0
281,290,Gilów ,3
282,1994,Gładka Przełęcz ,0
283,650,Głaziska Janowickie ,3
284,400,Głębock ,3
285,955,Głęboka Jama ,3
286,653,Gliniczek ,3
287,620,Glinka ,1
288,550,Glinno ,3
289,293,Glucholazy ,3
290,300,Głuchołazy Parkowa ,3
291,470,Głuszyca ,3
292,490,Głuszyca Górna ,3
293,0,Gniewoszów ,3
294,358,Goleszów ,1
295,460,Golińsk ,3
296,715,Gołuszkowa Góra ,1
297,701,Gomola ,3
298,723,Gontowa ,3
299,653,Góra Ludwiki  ,1
300,420,Góra Parkowa ,3
301,647,Góra Św. Anny ,3
302,359,Góra Św. Marcina ,2
303,614,Góra Wszystkich Świętych ,3
304,1228,Gorc ,1
305,1235,Gorc Troszacki  ,1
306,515,Gorce ,3
307,330,Górki Wielkie ,1
308,290,Gorlice ,2
309,720,Górna Wetlinka ,2
310,380,Góry ,1
311,580,Góry Lisie ,3
312,640,Goryle Wyżne ,1
313,360,Gorzeń Górny ,1
314,480,Gorzeszów ,3
315,520,Gorzeszowskie Skałki ,3
316,525,Gostków ,3
317,340,Grabary ,3
318,330,Grabiszyce Średnie ,3
319,936,Grabowa ,1
320,760,Granicznik ,3
321,270,Grobla ,3
322,432,Grochowiec ,3
323,506,Grodna ,3
324,803,Grodziec / Grodczyn ,3
325,250,Grodziec Kościół ,3
326,705,Grodziec Skrzyżowanie ,3
327,618,Grodzisko ,1
328,420,Grodziszcze ,3
329,612,Grojec  ,1
330,240,Gromnik ,1
331,393,Gromnik ,3
332,801,Groń ,1
333,825,Groníček sedlo / Przełęcz Groniczek ,1
334,930,Gronik ,0
335,210,Gross-Rosen ,3
336,470,Gruszczyn ,1
337,562,Gruszka ,2
338,330,Grybów ,2
339,320,Gryfów Śląski ,3
340,548,Grywałd ,1
341,611,grzbiet Chyrowej ,2
342,514,Grzedy ,3
343,1653,Grześ ,0
344,360,Grzybowiec ,3
345,527,Grzywacka Góra ,2
346,1123,Gubałówka ,0
347,1115,Hala Czarnego ,1
348,840,Hala Izerska ,3
349,1100,Hala Kamińskiego  ,1
350,1044,Hala Pisana ,1
351,1218,Hala pod Śnieżnikiem Schronisko PTTK ,3
352,1070,Hala Redykalna  ,1
353,1040,Hala Szczawina ,1
354,1190,Hala Szrenicka schronisko  ,3
355,1333,Halicz ,2
356,470,Hańczowa ,2
357,530,Hańczowa - skrzyżowanie szlaków ,2
358,760,Harenda ,0
359,200,Henryków ,3
360,495,Hluchová / Głuchowa ,1
361,585,Hluchová Kolibiska / Głuchowa Kobyliska ,1
362,1682,Holý vrch / Goły Wierch ,0
363,640,Hon ,2
364,820,Hon ,2
365,1198,Hotel PTTK Kalatówki ,0
366,370,Hrádek / Gródek ,1
367,1275,Hrebienok / Smokowieckie Siodełko ,0
368,828,Hrobacza Łąka ,1
369,583,Hucisko ,1
370,846,Hulskie / Pod Hulskim ,2
371,1130,Hutniczy Grzbiet ,3
372,800,Huty ,0
373,864,Huzary ,1
374,677,Hyrby ,1
375,1103,Hyrlata ,2
376,776,Igliczna - Sanktuarium Maria Sniezna ,3
377,368,Inwałd ,1
378,550,Istebna ,1
379,690,Istebna Skałka ,1
380,1459,Iwaniacka Przełęcz ,0
381,380,Iwonicz Zdrój ,2
382,549,Izby ,2
383,615,Jabłonka ,1
384,550,Jabłonki ,2
385,400,Jablunkov - rozcestí / Jabłonków - rozdroże ,1
386,390,Jablunkov / Jabłonków ,1
387,490,Jagniątków Północny ,3
388,520,Jagniątków Południowy ,3
389,479,Jagódki ,1
390,977,Jagodna ,3
391,2230,Jahňací štít / Jagnięcy Szczyt ,0
392,561,Jakubowice ,3
393,360,Jakuszowa ,3
394,580,Jałowa Kiczera ,2
395,1111,Jałowiec  ,1
396,460,Jamna ,1
397,320,Jamnica ,2
398,1908,Jamnícke sedlo / Jamnicka Przełęcz ,0
399,1450,Jamské pleso / Jamski Staw ,0
400,817,Janiłówka  ,1
401,390,Janowice Wielkie ,3
402,697,Jański Wierch ,3
403,360,Jarnołtówek ,3
404,544,Jaroszowicka Góra ,1
405,2137,Jarząbczy Wierch  ,0
406,620,Jasiel / pole namiotowe ,2
407,1052,Jasień  ,1
408,775,Jasionów ,1
409,1120,Jaskinia Mroźna ,0
410,1180,Jaskinia Mylna ,0
411,818,Jaskinia Niedźwiedzia ,3
412,1120,Jaskinia Raptawicka ,0
413,1130,Jaskinia Smocza Jama / Wąwóz Kraków ,0
414,430,Jaśliska ,2
415,1153,Jasło ,2
416,510,Jasnowice ,1
417,758,Jastrzębica  ,1
418,420,Jaszczurowa ,2
419,909,Jaszczurówka ,0
420,470,Jawiszów ,3
421,569,Jaworki ,1
422,992,Jaworne ,2
423,1016,Jawornik ,2
424,855,Jawornik Wielki ,3
425,921,Jaworz  ,1
426,377,Jaworze ,1
427,869,Jaworze ,2
428,450,Jaworze Nałęże ,1
429,589,Jaworzec ,2
430,940,Jaworzyna ,1
431,1047,Jaworzyna  ,1
432,881,Jaworzyna Konieczańska ,2
433,1114,Jaworzyna Krynicka ,1
434,912,Jaworzynka ,1
435,597,Jaworzynka Trzycatek ,1
436,340,Jazowsko ,1
437,508,Jedlina Zdrój PKP ,3
438,340,Jelenia Góra PKP ,3
439,330,Jelenia Góra PKS ,3
440,340,Jelenia Góra ul. Wolności ,3
441,440,Jeleśnia ,1
442,320,Jelna ,1
443,392,Jeziorko Daisy ,3
444,330,Jezioro Złotnickie ,3
445,715,Jodłowa ,1
446,300,Jodłówka Tuchowska ,2
447,324,Jodłownik ,1
448,490,Jordanów ,1
449,500,Jugów ,3
450,390,Jugowice ,3
451,860,Juráňova dolina / Dolina Juraniowa ,0
452,525,Jurków ,1
453,725,Juszczyn Górny ,1
454,516,Juszczyn Kurdasy ,1
455,392,Juszczyn PKP ,1
456,471,Juszczyna ,1
457,565,Kacwin ,1
458,620,Kacwiński Potok ,1
459,396,Kaczyna ,1
460,964,Kalenica Bielawska ,3
461,340,Kalinka ,3
462,220,Kalków ,3
463,550,Kalwaria ,3
464,450,Kalwaria Pacławska ,2
465,550,Kamesznica Dolna ,1
466,552,Kamesznica Górna ,1
467,577,Kamesznica-Złatna ,1
468,570,Kamianna ,2
469,380,Kamień ,3
470,684,Kamień ,2
471,828,Kamień nad Jaśliskami szczyt pd. ,2
472,920,Kamień Rubartscha ,3
473,448,Kamienica ,1
474,680,Kamienica ,3
475,450,Kamienna Góra ,3
476,800,Kamiennik ,1
477,802,Kamionna  ,1
478,823,Kanasiówka ,2
479,736,Karkoszczonka ,1
480,759,Karłów ,3
481,680,Karłówek ,3
482,320,Karłowice ,3
483,903,Karolówka ,1
484,560,Karpacz ,3
485,700,Karpacz Biały Jar ,3
486,700,Karpacz Zarzecze ,3
487,400,Karpniki ,3
488,555,Kasina Wielka PKP ,1
489,373,Kasinka Mała ,1
490,1985,Kasprowy ,0
491,310,Kąty ,2
492,570,Kąty Bystrzyckie ,3
493,190,Kazanów ,3
494,900,Kežmarské Žľaby / Kieżmarskie Żłoby ,0
495,1282,Kiczora  ,1
496,990,Kiczory ,1
497,826,Kidałki / Czarne Garby ,1
498,280,Kiełczyn ,3
499,1087,Kikula ,1
500,927,Kiry ,0
501,250,Kłaczyna ,3
502,1110,Klasztor Albertynek ,0
503,1180,Klasztor Albertynów ,0
504,631,Klasztorzysko ,3
505,280,Klecza Górna ,1
506,625,Kletno ,3
507,700,Kletno - Muzeum Ziemi ,3
508,673,Klikuszowa ,1
509,1117,Klimczok ,1
510,1040,Klimczok schronisko ,1
511,470,Klimkówka ,1
512,765,Kłodzka Góra ,3
513,290,Kłodzko ,3
514,525,Klonowa Góra ,2
515,555,Kluszkowce ,1
516,1210,Kmeťov vodopád / Niżnia Niewcyrska Siklawa ,0
517,605,Kobyła ,1
518,320,Kobyla Głowa ,3
519,1430,Kobylarz ,0
520,381,Kobylica - pomnik J.Eichendorffa ,3
521,520,Kochanów ,3
522,756,Kocierska ,1
523,528,Kocierz Basie ,1
524,506,Kocierz Górny ,1
525,545,Kocoń ,1
526,220,Kołaczyce ,2
527,320,Kolonia Bobolice ,3
528,530,Kołonice / Łubne ,2
529,788,Kołowrót ,1
530,465,Komańcza ,2
531,370,Kończyce ,3
532,2003,Kończysty Wierch  ,0
533,1765,Kondracka Przełęcz Wyżnia ,0
534,330,Kondratów ,3
535,740,Koniaków ,1
536,530,Konieczna ,2
537,558,Konina ,1
538,813,Końska ,3
539,980,Końska Droga ,2
540,1280,Końskie Łby ,3
541,1360,Kopa - górna stacja wyciągu ,3
542,2005,Kopa Kondracka  ,0
543,734,Kopciowa ,1
544,1328,Kopieniec Wielki  ,0
545,2363,Kôprovský štít / Koprowy Wierch ,0
546,1750,Kopské sedlo / Przełęcz pod Kopą ,0
547,1035,Kopylec ,1
548,541,Kopystańka ,2
549,727,Korab ,1
550,641,Korbielów ,1
551,670,Korbielów droga do wyciągu ,1
552,640,Korbielów Kamienna ,1
553,570,Korbielów kościół ,1
554,763,Kordowiec ,1
555,825,Kornuty ,2
556,710,Kosarzyska Rogacz ,1
557,735,Kościelec ,1
558,2155,Kościelec  ,0
559,820,Koskowa Góra ,1
560,730,Kostrza  ,1
561,555,Koszarawa ,1
562,575,Koszarawa Cicha ,1
563,400,Kotań ,2
564,1156,Kotarnica  ,1
565,965,Kotarz ,1
566,550,Kotelnice ,1
567,790,Kotoń ,1
568,1245,Kovalčíkova poľana ,0
569,989,Kowadło ,3
570,530,Kowalowa ,3
571,470,Kowary ,3
572,2291,Kozi Wierch ,0
573,1788,Kozia Dolinka ,0
574,686,Kozia Góra - Schronisko Stefanka ,1
575,756,Kozia Hala ,3
576,2137,Kozia Przełęcz  ,0
577,899,Kozie Siodło ,3
578,849,Kozie Żebro ,2
579,775,Kozińce ,1
580,240,Koziniec ,3
581,462,Koziniec ,3
582,366,Kozy ,1
583,692,Krąglak ,3
584,740,Kręcichwosty ,1
585,594,Krempachy ,1
586,368,Krempna ,2
587,631,Krępiec ,3
588,2130,Krivánsky žľab / Krywański Żleb ,0
589,430,Kroacka Studzienka ,3
590,400,Krobica ,3
591,422,Krościenko nad Dunajcem ,1
592,440,Krowia Góra ,1
593,510,Krowiarka ,3
594,1012,Krowiarki ,1
595,570,Krynica ,1
596,600,Krynica Czarny Potok ,1
597,590,Krynica Zdrój kościół ,1
598,847,Krysowa ,2
599,2495,Krywań ,0
600,510,Krzaczyna ,3
601,240,Krzczonów ,3
602,220,Krzelków ,3
603,1200,Krzemieniec ,2
604,2122,Krzesanica ,0
605,465,Krzeszów ,3
606,466,Krzeszów Dolny ,1
607,500,Krzeszów Górny ,1
608,470,Krzeszówek ,3
609,590,Krzeszowskie Wzgórza ,3
610,1012,Krzystonów ,1
611,562,Krzywa ,2
612,260,Krzywaczka ,1
613,654,Krzyżna Góra ,3
614,526,Krzyżowa ,1
615,430,Krzyżowa Góra ,3
616,680,Krzyżówka BHP ,3
617,600,Krzyżówki ,1
618,649,Księża Góra ,1
619,761,Kubalonka  ,1
620,1276,Kudłoń  ,1
621,380,Kudowa-Zdrój ,3
622,701,Kuklacz ,1
623,1058,Kutrzyca ,1
624,1010,Kuźnice ,0
625,604,Kwaśniak ,3
626,590,Łabajów ,1
627,450,Łabowa ,1
628,1168,Łabski Szczyt schronisko ,3
629,1045,Lachów Groń  ,1
630,904,Lachowe Młaki ,1
631,440,Lachowice centrum ,1
632,363,Łącko ,1
633,997,Lackowa ,2
634,560,Łączna ,3
635,574,Łączna TPG ,3
636,1050,Łącznik ,3
637,635,Łącznik pod Kozią Górą ,1
638,433,Lądek Zdrój ,3
639,180,Łagiewniki ,3
640,662,Lajkonik ,1
641,230,Łąka ,3
642,280,Łąka Prudnicka ,3
643,888,Łamana Skała ,1
644,460,Lanckorona ,1
645,530,Lanckorońska Góra ,1
646,811,Łapszanka ,1
647,583,Łapsze Niżne ,1
648,658,Łapsze Wyżne ,1
649,1040,Las Złatniec ,1
650,780,Lasek ,1
651,326,Laskowa ,1
652,741,Lasówka ,3
653,711,Łazek ,1
654,350,Łękawica ,1
655,490,Leluchów ,1
656,851,Lesista Wielka ,3
657,360,Lesko ,2
658,890,Leskowiec/Groń JP II ,1
659,240,Leśna ,3
660,625,Leśniczówka Jedlinki ,3
661,400,Leśniczówka Kunie ,1
662,880,Leśniczówka Stańcowa ,1
663,390,Leśniczówka Stasiane ,2
664,460,Leśny Dworek ,3
665,736,Leszczyniec ,3
666,546,Leszek ,3
667,534,Lewińska Przełęcz ,3
668,407,Limanowa ,1
669,880,Limier ,1
670,230,Lipa ,3
671,370,Lipa ,3
672,511,Lipiec ,3
673,270,Lipnica Murowana ,1
674,737,Lipnica Wielka Kiczory ,1
675,442,Lipnik ,1
676,541,Lipowa Ostre ,1
677,400,Lipowiec ,1
678,700,Lipowski Groń ,1
679,600,Lipska Góra ,1
680,1280,Liptovský košiar / Liptowski Koszar ,0
681,603,Lisi Kamień ,3
682,790,Lisia Przełęcz ,3
683,562,Liwocz ,2
684,1027,Lodowe Źródło ,0
685,374,Łodygowice ,1
686,440,Łomnica Zdrój ,1
687,380,Łomnica Zdrój PKP ,1
688,951,Łopień  ,1
689,1061,Łopiennik ,2
690,661,Łopusze  ,1
691,612,Łopusze Wschodnie ,1
692,569,Łopuszna ,1
693,360,Łososina Górna PKP ,1
694,835,Loučka / Łączka ,1
695,1211,Lubań  ,1
696,400,Lubatowa ,2
697,516,Lubawka ,3
698,330,Lubiechowa ,3
699,346,Lubień ,1
700,968,Lubogoszcz  ,1
701,360,Lubomierz ,3
702,556,Lubomierz ,1
703,480,Lubomir ,3
704,904,Lubomir ,1
705,470,Ludwikowice Kłodzkie ,3
706,599,Ludźmierz ,1
707,481,Ług ,2
708,561,Ługowina ,3
709,456,Łukowica ,1
710,570,Łupków ,2
711,324,Lutomia Górna ,3
712,620,Lutowiska ,2
713,378,Łysa Góra ,1
714,781,Łysa Góra  ,1
715,502,Łysa Góra / Prz.Panczakiewicza ,1
716,970,Lysá Poľana / Łysa Polana ,0
717,694,Łysica ,1
718,891,Łysina ,1
719,1188,Łysocina ,3
720,800,Macelak ,1
721,842,Maciejowa ,1
722,737,Magelin Grun ,2
723,1073,Magura  ,1
724,813,Magura Małastowska ,2
725,719,Magura Małastowska schronisko ,2
726,1020,Magura ruiny schroniska ,1
727,974,Magura Stuposiańska /pod Przysłupem Caryńskim ,2
728,812,Magura Wątkowska ,2
729,1233,Magura Witowska  ,0
730,872,Magurka nad Suchą  ,1
731,1091,Magurka Radziechowska ,1
732,1129,Magurka Wiślańska ,1
733,590,Majdan ,2
734,358,Maków Podhalański ,1
735,948,Makowica ,1
736,1517,Mała Babia Góra / Cyl ,1
737,866,Mała Czantoria ,1
738,925,Mała Rawka ,2
739,1272,Mała Rawka ,2
740,351,Mała Tresna ,1
741,1117,Malinów ,1
742,1152,Malinowska Skała  ,1
743,1086,Malinowska Skała - łącznik południowy ,1
744,1070,Malinowska Skała - łącznik zachodni ,1
745,2096,Małołączniak ,0
746,837,Mały Stożek ,1
747,570,Maniów ,2
748,839,Marcinków - Skowronia Góra ,3
749,272,Marcinkowice ,1
750,420,Marciszów ,3
751,370,Marczyce ,3
752,519,Marianówka ,3
753,718,Markowa ,1
754,1180,Markowe Szczawiny ,1
755,345,Marmurowa Dolina ,3
756,740,Maruszyna ,0
757,680,Marysin ,3
758,748,Maślana Góra ,2
759,925,Matliary pri tenise /  Matlary przy korcie tenis ,0
760,389,Męcina ,1
761,1169,Mędralowa  ,1
762,1084,Mędralowa Zachodnia ,1
763,440,Michałkowa ,3
764,670,Michałowice ,3
765,334,Międzybrodzie Bialskie ,1
766,380,Międzybrodzie Żywieckie ,1
767,646,Miedzygórze ,3
768,716,Miejska Góra ,1
769,606,Miejska Górka ,3
770,490,Mieroszów ,3
771,665,Mieroszowskie Ściany ,3
772,360,Mikuszowice ,1
773,370,Mikuszowice PKP ,1
774,446,Milówka ,1
775,610,Mioduszyna ,1
776,360,Mirsk ,3
777,410,Misiorka ,1
778,1270,Miziowa ,1
779,872,Młada Hora ,1
780,895,Młada Hora  ,1
781,777,Młyńsko ,3
782,704,Mniszek ,3
783,620,Mochnaczka Niżna ,1
784,997,Moczarki  ,1
785,455,Modliszów ,3
786,350,Modrzewie ,3
787,1028,Modyń  ,1
788,1171,Mogielica ,1
789,478,Mogiła ,1
790,1300,Mokra Przełęcz ,3
791,930,Monkova dolina / Dolina Mąkowa ,0
792,360,Morochów ,2
793,480,Moszczaniec ,2
794,460,Moszczenica Wyżna ,1
795,746,Moszna ,3
796,816,Mraźnica ,1
797,610,Mrokowce ,1
798,454,Mrowiec ,3
799,360,Mrukowa ,2
800,394,Mszana Dolna ,1
801,380,Muchów ,3
802,720,Muczne ,2
803,1165,Muńcuł  ,1
804,941,Murowanica ,0
805,280,Muszkowice ,3
806,450,Muszyna Rynek ,1
807,630,Muszynka ,1
808,770,Mútňanská Píla ,1
809,830,Mútne ,1
810,480,Myczków ,2
811,390,Mysłakowice ,3
812,300,Myślenice ,1
813,320,Myślenice Zarabie ,1
814,1352,Myślenickie Turnie  ,0
815,270,Myślibórz ,3
816,360,Myślinów ,3
817,450,Mysłów ,3
818,579,Na Opalonym ,2
819,940,Na Pięciu Drogach ,1
820,1455,Nad Bielym Váhom / Nad Białym Wagiem ,0
821,1240,Nad Bytom ,0
822,740,Nad Czatożą ,1
823,1208,Nad Dlhým vodopádom / Nad Długim Wodospadem ,0
824,830,nad Pietraszonką ,1
825,780,Nad Przesieką ,3
826,657,nad Przysłupem ,2
827,1080,Nad Wysokim Mostem ,3
828,1620,Nad Žabím potokom / Nad Żabim Potokiem Mięguszow ,0
829,1390,Nad Zrubami / Nad Tatrzańskimi Zrębami ,0
830,480,Nagórnik ,3
831,550,Naprawa ,1
832,849,Narożnik ,3
833,360,Nawojowa ,1
834,952,Nędzówka ,0
835,545,Niedzica - zamek ,1
836,629,Niedźwiadki ,3
837,495,Niedźwiedź ,1
838,1001,Niemcowa ,1
839,200,Niemcza ,3
840,320,Nierodzim ,1
841,210,Nieszkowice ,3
842,450,Nieznajowa / chatka ,2
843,945,Nižná lúka / Niżnia Łąka ,0
844,1560,Nižná Velická poľana / Niżnia Wielicka Polana ,0
845,905,Nižné Hágy / Niżnie Hagi ,0
846,1675,Nižné Temnosmrečinské pleso / Niżni Ciemnosmrecz ,0
847,1130,Niżnia Kominiarska Polana ,0
848,1206,Nosal  ,0
849,1101,Nosalowa Przełęcz  ,0
850,605,Nowa Biała ,1
851,370,Nowa Bielawa ,3
852,840,Nowa Polana  ,1
853,420,Nowa Ruda ,3
854,370,Nowa Wieś ,2
855,250,Nowa Wieś Grodziska ,3
856,462,Nowa Wieś Kłodzka ,3
857,440,Nowe Bogaczowice ,3
858,828,Nowe Bystre ,0
859,590,Nowy Łupków ,2
860,300,Nowy Sącz PKP ,1
861,620,Nowy Świat ,1
862,655,Nowy Targ - Kowaniec ,1
863,520,Nowy Targ - Kowaniec poczta ,1
864,583,Nowy Targ - szpital ,1
865,280,Nowy Wiśnicz ,1
866,310,Nowy Żmigród ,2
867,590,Nýdek - Gora ,1
868,400,Nýdek - restaurace Nydecanka / Nydek - restaurac ,1
869,769,Obidowa ,1
870,812,Obidowa - PKS Rdzawka II ,1
871,1106,Obidowiec  ,1
872,931,Obidza ,1
873,1090,obniżenie za Łysociną ,3
874,519,Ochabiska ,2
875,469,Ochotnica Dolna ,1
876,618,Ochotnica Górna ,1
877,510,Ochotnica Ośrodek Zdrowia ,1
878,360,Oczków ,1
879,1236,Odrodzenie schronisko ,3
880,805,Ogorzała ,1
881,610,Ogorzelec ,3
882,714,Okole ,3
883,760,okopy Konfederatów Barskich ,1
884,1101,Okrąglik ,2
885,460,Okrzeszyn ,3
886,430,Olchowiec ,2
887,1063,Olczyska Polana ,0
888,445,Olszak ,3
889,280,Olszowa ,1
890,495,Olszówka ,1
891,361,Olszówka Dolna - MZK Cygański Las ,1
892,498,Olszówka Górna - MZK Szyndzielnia ,1
893,440,Olszówka Górna - parking ,1
894,790,Oravice / Orawice ,0
895,810,Oravské Veselé / Orawskie Wesołe ,1
896,676,Orawka ,1
897,870,Orle schronisko ,3
898,518,Orli Kamień ,2
899,1084,Orlica ,3
900,590,Orlica schronisko ,1
901,813,Orłowa ,1
902,500,Orłowiec ,3
903,1867,Ornak  ,0
904,840,Orzeł schronisko ,3
905,580,Osiedle Piątkowa ,1
906,422,Osielec ,1
907,780,Ostra  ,1
908,753,Ostra / Wilcze Doły ,1
909,360,Ostra Góra ,3
910,459,Ostra Góra  ,1
911,627,Ostróg ,3
912,897,Ostry Wierch ,2
913,490,Ostrysz ,1
914,567,Ostrysz ,2
915,310,Owiesno ,3
916,510,Ożenna ,2
917,230,Paczków ,3
918,700,Paczyn ,3
919,610,Padovy ,1
920,934,Pająków Wierch  ,1
921,400,Palcza ,1
922,672,Palenica ,1
923,720,Palenica  ,1
924,990,Palenica Białczańska ,0
925,390,Palmiarnia ,3
926,1550,Pańszczycki Potok ,0
927,645,Paproć  ,1
928,1150,Parichvost / Parzychwost ,0
929,1320,Partizánska nemocnica ,0
930,540,Paseky ,1
931,480,Pasierbiec ,1
932,700,Pasterka schronisko ,3
933,630,Pastewnik - Przełęcz pod Długotką ,3
934,460,Paszyn ,1
935,763,Patryja ,1
936,340,Pcim ,1
937,1260,Petrovka ,3
938,350,Piątkowa ,1
939,715,Piątkowa  ,1
940,400,Piechowice ,3
941,650,Pielgrzym ,3
942,1204,Pielgrzymy ,3
943,963,Pieskowy Wierch  ,1
944,310,Pietrzyków ,3
945,280,Piława Dolna ,3
946,300,Piława Górna ,3
947,290,Pilchowice-Zapora PKP ,3
948,786,Piłka ,1
949,1540,Pilsko ,1
950,728,Piotruś ,2
951,500,Pisarzowa ,1
952,510,Pisarzowice ,3
953,460,Písečná / Pioseczna ,1
954,370,Piwniczna Zdrój ,1
955,777,Płoniec ,3
956,480,Płonina ,3
957,360,Płoszczyna ,3
958,817,Płoszczyna ,3
959,430,Płoszczynka ,3
960,440,Pobiedna ,3
961,885,Pocak - cm.woj.1915 ,2
962,830,Pod chatou Čantoryje ,1
963,1450,Pod Furkotskou dolinou / Pod Doliną Furkotną ,0
964,480,Pod Gruszką ,2
965,1180,pod Halą Lipowską ,1
966,910,Pod Holým vrchom / pod Gołym Wierchem ,0
967,400,Pod Jahodnou / Pod Jagodną ,1
968,1450,Pod Klinom / Pod Klinem ,0
969,1015,Pod Lyscom / rozdroże pod Łyścem ,0
970,525,Pod Malým Ostrým / Pod Małym Ostrym ,1
971,690,Pod Muflonem ,3
972,950,pod Oszusem ,1
973,2120,Pod Poľským hrebeňom / Pod Polskim Grzebieniem ,0
974,1465,Pod Predným zeleným ,0
975,430,pod Przednią Kopą ,3
976,890,pod Przełęczą Bory Orawskie ,1
977,1040,pod Skrzycznem ,1
978,1357,Pod Slavkovským štítom / Pod Sławkowskim Szczyte ,0
979,1305,Pod Smrekom ,0
980,1665,pod Suchą Przehybą ,0
981,1700,Pod Suchým vrchom / Pod Suchym Wierchem Batyżowi ,0
982,1490,Pod Temnými smrečinami / Rozdroże w Ciemnych Smr ,0
983,290,Pod Wieżycą schronisko ,3
984,1062,pod Wysoką Kopą ,3
985,930,Podbanské ,0
986,605,Podgórze ,3
987,440,Podgórzyn Górny ,3
988,500,Podlas ,1
989,230,Podlesie ,3
990,460,Podlesie ,3
991,570,Podlesie ,1
992,780,Podszkle ,1
993,365,Pogorzała ,3
994,328,Pokrzywna ,3
995,440,Polana ,2
996,1067,Polana ,3
997,922,Polana Biały Potok ,0
998,523,Polana Dębowiec ,1
999,1270,Polana Gabrowska  ,1
1000,810,Polana Gronie ,1
1001,989,Polana Huciska ,0
1002,940,Polana Izerska ,3
1003,800,Polana Jakuszycka TPG ,3
1004,822,Polana Kosarzyska  ,1
1005,720,Polana Mniszkowska ,3
1006,1030,Polana Morgi ,1
1007,651,Polana nad Kątami ,2
1008,1030,Polana Pisana ,0
1009,1260,Polana pod Wołoszynem ,0
1010,1428,Polana Stoły  ,0
1011,1040,Polana Strążyska ,0
1012,1080,Polana Trzydniówka ,0
1013,1012,Polana Wały  ,1
1014,680,Polana Wymiarki ,1
1015,530,Polana z Dębem ,3
1016,800,Polanka ,3
1017,806,Polanka ,3
1018,1396,Polica  ,1
1019,712,Policzne ,1
1020,1297,Połonina Caryńska ,2
1021,1255,Połonina Wetlińska ,2
1022,582,Półrzeczki ,1
1023,2200,Polski Grzebień ,0
1024,380,Pomocne ,3
1025,400,Poniatów ,3
1026,390,Ponikiew ,1
1027,440,Poniwiec ,1
1028,1510,Popradzki Staw ,0
1029,410,Poręba ,1
1030,631,Poręba Górna ,1
1031,360,Poręba Mała ,1
1032,530,Poręba Wielka ,1
1033,610,Poręba Wielka Koninki ,1
1034,618,Poręba Wysoka ,2
1035,731,Poronin ,0
1036,610,Pośródka ,3
1037,745,Potaczkowa ,1
1038,883,Potrójna ,1
1039,480,Powroźnik ,1
1040,542,Prašivá Hora / Góra Praszywa ,1
1041,2117,Predné Solisko / Skrajne Solisko ,0
1042,270,Proboszczów ,3
1043,260,Prudnik ,3
1044,270,Prudnik Park Miejski ,3
1045,450,Przecznica ,3
1046,503,Przednia Kopa ,3
1047,663,Przegibek ,1
1048,550,Przełączka ,3
1049,740,Przełączka 740 ,3
1050,1160,Przełęcz 1160 m / Przełęcz Goprowska ,2
1051,660,Przełęcz 660 ,3
1052,590,Przełęcz Beskid Nad Ożenną ,2
1053,1310,Przełęcz Białego ,0
1054,438,Przełęcz Biedaszowska ,1
1055,1009,Przełęcz Borek  ,1
1056,709,Przełęcz Bory  ,1
1057,930,Przełęcz Bory Orawskie ,1
1058,1408,Przełęcz Brona ,1
1059,993,Przełęcz Bukowina ,1
1060,668,Przełęcz Bukowska ,1
1061,1107,Przełęcz Bukowska ,2
1062,571,Przełęcz Chełmska ,3
1063,560,Przełęcz Chrośnicka ,3
1064,380,Przełęcz Dębowa ,3
1065,500,Przełęcz Dukielska ,2
1066,720,Przełęcz Dylówki ,1
1067,845,Przełęcz Glinka  ,1
1068,809,Przełęcz Glinne  ,1
1069,634,Przełęcz Glisne  ,1
1070,755,Przełęcz Graniczne / Bór ,1
1071,370,Przełęcz Grochowa ,3
1072,660,Przełęcz Gruszowiec  ,1
1073,541,Przełęcz Hałbowska ,2
1074,742,Przełęcz Huta / Krzyżówka ,2
1075,698,Przełęcz Isepnicka ,1
1076,1017,Przełęcz Jałowiecka  ,1
1077,808,Przełęcz Jugowska ,3
1078,1853,Przełęcz Karb  ,0
1079,480,Przełęcz Karpnicka ,3
1080,894,Przełęcz Klekociny  ,1
1081,483,Przełęcz Kłodzka ,3
1082,846,Przełęcz Knurowska  ,1
1083,812,Przełęcz Kolędówki ,1
1084,640,Przełęcz Komarnicka ,3
1085,1723,Przełęcz Kondracka  ,0
1086,732,Przełęcz Koniakowska ,1
1087,975,Przełęcz Kotarz  ,1
1088,720,Przełęcz Kowarska ,3
1089,653,Przełęcz Kozia ,3
1090,2113,Przełęcz Krzyżne  ,0
1091,778,Przełęcz Krzyżowa ,1
1092,550,Przełęcz L.Różyckiego ,3
1093,600,Przełęcz Łaszczkowa ,3
1094,1952,Przełęcz Liliowe  ,0
1095,516,Przełęcz Lubawska ,3
1096,641,Przełęcz Łupkowska ,2
1097,758,Przełęcz m. Sidziną a Zubrzycą ,1
1098,1099,Przełęcz M.Orłowicza ,2
1099,605,Przełęcz Małastowska ,2
1100,721,Przełęcz Marcowa ,3
1101,696,Przełęcz Marszałka Rydza-Śmigłego ,1
1102,587,Przełęcz Mazgalica ,2
1103,812,Przełęcz między Cichoniem a Ostrą ,1
1104,800,Przełęcz między Gaikami i Groniczkami ,1
1105,864,Przełęcz między Jasieniem a Kiczorą ,1
1106,1499,Przełęcz między Kopami ,0
1107,2307,Przełęcz Mięguszowiecka pod Chłopkiem  ,0
1108,580,Przełęcz nad Kobyłą ,3
1109,800,Przełęcz nad Roztokami ,2
1110,501,Przełęcz Owczarska ,2
1111,970,Przełęcz Pański Kamień ,1
1112,809,Przełęcz pod Bobrzakiem ,3
1113,510,Przełęcz pod Brzeźnikiem ,3
1114,741,Przełęcz pod Chłopkiem ,3
1115,670,Przełęcz pod Czarnochem ,3
1116,743,Przełęcz pod Gołębią ,3
1117,1132,Przełęcz pod Jaworową Kopą ,3
1118,490,Przełęcz pod Kobylnicą ,1
1119,567,Przełęcz pod Konikiem ,3
1120,711,Przełęcz pod Kopą ,3
1121,1863,Przełęcz pod Kopą Kondracką  ,0
1122,1140,Przełęcz pod Przysłopem  ,1
1123,883,Przełęcz pod Słoneczną ,3
1124,1390,Przełęcz pod Śmielcem ,3
1125,603,Przełęcz pod Średnicą ,3
1126,601,Przełęcz pod Suliłą ,2
1127,560,Przełęcz pod Świerkami ,3
1128,703,Przełęcz pod Tokarnią ,2
1129,698,Przełęcz pod Trzeboniem ,3
1130,770,Przełęcz pod Uboczem ,2
1131,1120,przełęcz pod Uszczawnem ,1
1132,587,Przełęcz pod Wawrzyniakiem ,3
1133,726,Przełęcz pod Wilkowyją ,3
1134,565,Przełęcz Pod Zajęczym Wierchem ,2
1135,508,Przełęcz pod Zamkową Górą ,3
1136,551,Przełęcz Porubska ,2
1137,990,Przełęcz Przegibek ,1
1138,870,Przełęcz Przysłop ,1
1139,1189,Przełęcz Przysłop Miętusi  ,0
1140,847,Przełęcz Przysłopy  ,1
1141,980,Przełęcz Przysłup / Caryński ,2
1142,1788,Przełęcz Pyszniańska ,0
1143,750,Przełęcz Rędzińska ,3
1144,646,Przełęcz Regetowska ,2
1145,750,Przełęcz Rudawska ,3
1146,672,Przełęcz Rupienka  ,1
1147,480,Przełęcz Sanguszki ,1
1148,711,Przełęcz Sieniawska ,1
1149,1276,Przełęcz Siodło ,2
1150,766,Przełęcz Słopnicka  ,1
1151,340,Przełęcz Słupicka ,3
1152,653,Przełęcz Snozka  ,1
1153,757,Przełęcz Sokola ,3
1154,568,Przełęcz Srebrna Schronisko ,3
1155,788,Przełęcz Staromorawska ,3
1156,700,Przełęcz Sucha ,1
1157,1001,Przełęcz Sucha ,3
1158,400,Przełęcz Św. Justa  ,1
1159,635,Przełęcz Szczycisko ,2
1160,780,Przełęcz Szopka  ,1
1161,562,Przełęcz Targanicka ,1
1162,710,Przełęcz U Panienki ,1
1163,535,Przełęcz Ulanowicka ,3
1164,1311,Przełęcz w Grzybowcu  ,0
1165,755,Przełęcz Walimska ,3
1166,535,Przełęcz Widoma  ,1
1167,532,Przełęcz Wilcza ,3
1168,711,Przełęcz Woliborska ,3
1169,610,Przełęcz Wysowska ,2
1170,872,Przełęcz Wyżnia ,2
1171,855,Przełęcz Wyżniańska ,2
1172,410,Przełęcz Zasań ,1
1173,557,Przełęcz Żdżar ,2
1174,830,Przełęcz Żebrak ,2
1175,1110,Przełęcz Żłobki ,1
1176,200,Przemyśl ,2
1177,250,Przerzeczyn-Zdrój ,3
1178,540,Przesieka ,3
1179,580,Przesieka Złoty Widok ,3
1180,521,Przyborów ,1
1181,330,Przydonica ,1
1182,570,Przykrzec ,3
1183,741,Przykrzec ,1
1184,940,Przysłop  ,1
1185,967,Przysłop pod Baranią schronisko ,1
1186,681,Przysłup ,2
1187,887,przystanek PKS Dolina Chochołowska ,0
1188,644,przystanek PKS Luboń Mały ,1
1189,434,Przyszowa ,1
1190,270,Przytkowice PKP ,1
1191,1185,Psia Trawka  ,0
1192,590,Pszczeliny / Widełki ,2
1193,668,Ptasi Szczyt ,3
1194,500,Ptaszkowa ,2
1195,902,Puchaczówka ,3
1196,400,Puławy ,2
1197,480,Puławy Górne ,2
1198,590,Purpurowe Jeziorko ,3
1199,1061,Pusta Wielka ,1
1200,500,pustelnia św. Jana ,2
1201,443,Raba Niżna ,1
1202,528,Raba Wyżna ,1
1203,1121,Rąbaniska ,1
1204,1192,Rabia Skała ,2
1205,470,Rabka Zaryte ,1
1206,486,Rabka Zaryte PKS ,1
1207,507,Rabka-Zdrój ,1
1208,954,Rachowiec  ,1
1209,286,Raciechowice ,1
1210,370,Radków ,3
1211,390,Radków - Zakłady Kamienia ,3
1212,490,Radocyna ,2
1213,540,Radocyna - dawna szkoła ,2
1214,480,Radomierz ,3
1215,572,Radunia ,3
1216,500,Radziechowy Wieprz ,1
1217,1255,Radziejowa ,1
1218,540,Radzimowice ,3
1219,230,Radziszów PKP ,1
1220,980,Rafaczańska Grapa ,0
1221,1305,Rainerova chata / Rainerowa Chatka ,0
1222,324,Rajbrot ,1
1223,360,Rajbrot-tartak ,1
1224,492,Rajcza ,1
1225,1879,Rakoń  ,0
1226,540,Raszów ,3
1227,360,Ratno Dolne ,3
1228,1060,Razcestie nad Matliarmi / Rozdroże nad Matlarami ,0
1229,970,Rázcestie pod Bystrou / Rozdroże pod Bystrą ,0
1230,1110,Rázcestie pod Grúnikom / Rozdroże pod Gronikiem ,0
1231,1080,Rázcestie pod Muráňom / Rozdroże pod Muraniem ,0
1232,1165,rázcestie pod Tomanovou / rozdroże pod Doliną To ,0
1233,1525,Rázcestie v Smutnej doline / rozdroże w Dolinie  ,0
1234,629,Rdzawka ,1
1235,420,Rębiszów ,3
1236,610,Rędziny ,3
1237,530,Regietów Niżny / baza namiotowa ,2
1238,310,Rezerwat nad Białką ,3
1239,250,Rochów ,3
1240,712,Róg ,3
1241,710,Rogacz ,3
1242,1182,Rogacz ,1
1243,490,Rogatka ,3
1244,870,Rogowiec ,3
1245,531,Rogozowa ,1
1246,1720,Roháčske plesá / Rohackie Stawy ,0
1247,393,Rojówka ,1
1248,907,Roma ,0
1249,1366,Romanka  ,1
1250,340,Ropa ,2
1251,550,Ropki ,2
1252,410,Rościszów ,3
1253,753,Rosochatka ,1
1254,280,Rososznica ,3
1255,771,Rotunda ,2
1256,1418,Rówień Waksmundzka  ,0
1257,606,Równia nad Bystrą ,1
1258,884,Równica ,1
1259,560,Różana ,3
1260,370,Różańcowa ,3
1261,628,Różanka ,3
1262,420,Rozdroże ,3
1263,490,Rozdroże Holtei ,3
1264,770,Rozdroże Izerskie ,3
1265,790,Rozdroże Kowarskie ,3
1266,650,Rozdroże nad Glinnikiem Starym ,3
1267,200,rozdroże nad Górką ,3
1268,580,rozdroże nad Kamionkami ,3
1269,550,Rozdroże nad Kowarami ,3
1270,300,rozdroże nad Sadami ,3
1271,677,Rozdroże nad Skalnymi Wrotami ,3
1272,550,Rozdroże pod Basztami ,3
1273,750,Rozdroże pod Bielcem ,3
1274,734,rozdroże pod Bobrzakiem ,3
1275,650,rozdroże pod Chochołem Małym ,3
1276,950,Rozdroże pod Cichą Równią ,3
1277,880,Rozdroże pod Działem Izerskim ,3
1278,700,rozdroże pod Grzybowcem ,3
1279,780,Rozdroże pod Hutniczą Kopą ,3
1280,1000,Rozdroże pod Izerskimi Garbami ,3
1281,1100,Rozdroże pod Jaworem ,3
1282,570,Rozdroże pod Jońską Górą ,3
1283,880,Rozdroże pod Kamienica ,3
1284,505,Rozdroże pod Kamiennym Krzyżem ,3
1285,500,Rozdroże pod Kieżną ,3
1286,680,rozdroże pod Kokotem ,3
1287,1100,Rozdroże pod Kopą Izerską ,3
1288,660,Rozdroże pod Kozią Szyją ,3
1289,741,Rozdroże pod Lelkową ,3
1290,877,Rozdroże pod Lesieńcem ,3
1291,530,rozdroże pod Leśniakiem ,3
1292,1040,rozdroże pod Łysociną ,3
1293,717,Rozdroże pod Osówką ,3
1294,355,rozdroże pod Ostrzycą ,3
1295,470,Rozdroże pod Piekiełkiem ,3
1296,850,rozdroże pod Porębkiem ,3
1297,810,Rozdroże pod Ptakiem ,3
1298,500,rozdroże pod Rozłogiem ,3
1299,720,Rozdroże pod Sępią Górą ,3
1300,400,rozdroże pod Skalną ,3
1301,1110,Rozdroże pod Śmielcem ,3
1302,360,rozdroże pod Stolną ,3
1303,550,rozdroże pod Strażnicą ,3
1304,870,Rozdroże pod Suchawą ,3
1305,910,rozdroże pod Sulicą ,3
1306,710,Rozdroże pod Świerkowcem ,3
1307,800,Rozdroże pod Szczelińcem ,3
1308,765,Rozdroże pod Uboczem ,3
1309,1200,Rozdroże pod Wielkim Szyszakiem ,3
1310,1126,Rozdroże pod Żmijowcem ,3
1311,744,rozdroże pod Zrubaniem ,2
1312,990,Rozdroże pod Zwaliskiem ,3
1313,680,Rozdroże Trzech Buków ,3
1314,780,Rozdroże za Szczelińcem ,3
1315,420,Rozdroże żółtego i czerwonego z wiatą ,3
1316,340,Rozdziele ,2
1317,801,Rożki ,2
1318,284,Rożnów ,1
1319,1046,Rozstaj 3 szlaków przed Klimczokiem ,1
1320,649,Rozstaj nad Bystrą Południową ,1
1321,900,Rozstaj pod Czarnym Kotłem ,3
1322,1080,Rozstaj pod Schr. pod Łabskim Szczytem ,3
1323,600,Rozstaj przy Szklarce ,3
1324,960,Rozstaj przy Szrenickim Potoku ,3
1325,520,Roztoka ,2
1326,690,Roztoki Górne ,2
1327,290,Ruda Kameralna ,1
1328,1106,Rudawiec ,3
1329,1054,Rude Krzyże ,3
1330,290,ruiny klasztoru Kapucynów ,3
1331,1078,Runek ,1
1332,881,Ruprechticki Szpiczak ,3
1333,465,Rusinowa ,3
1334,1200,Rusinowa Polana  ,0
1335,630,Rybnica Leśna ,3
1336,658,Rybnica Mała ,3
1337,420,Rybnica PKP ,3
1338,400,Rybnica ruiny zamku ,3
1339,554,Rycerka Dolna ,1
1340,668,Rycerka Górna Kolonia ,1
1341,500,Rycerka PKP ,1
1342,705,Rycerki ,1
1343,880,Rydoszowa ,2
1344,950,Rykowisko ,3
1345,370,Rymanów Zdrój Deszno ,2
1346,2499,Rysy  ,0
1347,340,Rytro ,1
1348,295,rzeka Pełcznica ,3
1349,722,Rzeki ,1
1350,440,Rzepedź ,2
1351,270,Rzepiennik Biskupi ,2
1352,950,Rzepiska ,1
1353,1429,Rzeżuchy ,0
1354,409,Rzyki ,1
1355,460,Rzyki Podlachoń ,1
1356,460,Rzyki Pracica ,1
1357,909,Sałasz ,1
1358,2048,Salatín / Salatyn ,0
1359,934,Salmopol ,1
1360,1210,Šalviový prameň / Zimna Studnia ,0
1361,1195,Samotnia ,3
1362,290,Sanok ,2
1363,1377,Sarnia Skała  ,0
1364,730,Schronisko Czartak ,3
1365,476,Schronisko Hajstra ,2
1366,662,Schronisko na Groniu ,1
1367,800,Schronisko na Soszowie ,1
1368,340,Schronisko Perła Zachodu ,3
1369,1236,Schronisko PTTK  Wielka Racza ,1
1370,810,Schronisko PTTK Andrzejówka ,3
1371,627,Schronisko PTTK Chojnik ,3
1372,854,Schronisko PTTK Hala Boracza ,1
1373,1137,Schronisko PTTK Hala Krupowa ,1
1374,1274,Schronisko PTTK Hala Lipowska ,1
1375,1271,Schronisko PTTK Hala Rysianka ,1
1376,743,Schronisko PTTK Jagodna ,3
1377,1022,Schronisko PTTK Luboń Wielki  ,1
1378,909,Schronisko PTTK Magurka Wilkowicka ,1
1379,730,Schronisko PTTK na Bereśniku ,1
1380,1500,Schronisko PTTK na Hali Gąsienicowej  ,0
1381,1333,Schronisko PTTK na Hali Kondratowej  ,0
1382,1025,Schronisko PTTK na Hali Łabowskiej ,1
1383,1100,Schronisko PTTK na Hali Ornak  ,0
1384,730,Schronisko PTTK na Kudłaczach ,1
1385,1148,Schronisko PTTK na Polanie Chochołowskiej  ,0
1386,1002,Schronisko PTTK Nad Łomniczką ,3
1387,1395,Schronisko PTTK nad Morskim Okiem  ,0
1388,990,Schronisko PTTK Przegibek  ,1
1389,1175,Schronisko PTTK Przehyba ,1
1390,1046,Schronisko PTTK Przełęcz Okraj ,3
1391,1257,Schronisko PTTK Skrzyczne ,1
1392,978,Schronisko PTTK Stożek ,1
1393,520,Schronisko PTTK Szwajcarka ,3
1394,1026,Schronisko PTTK Szyndzielnia ,1
1395,1031,Schronisko PTTK w Roztoce ,0
1396,871,Schronisko PTTK Zieleniec ,3
1397,691,Schronisko Szarotka ,3
1398,1668,Schronisko w Dolinie Pięciu Stawów Polskich ,0
1399,740,Ścieszków Groń ,1
1400,340,Ścinawka Górna ,3
1401,321,Ścinawka Średnia ,3
1402,2376,Sedielko / Lodowa Przełęcz ,0
1403,905,sedielko pod Umrlou / Przełęcz pod Umarłą Kopką ,0
1404,1570,Sedlo Pálenica / Palenica Jałowiecka ,0
1405,1966,Sedlo pod Ostrvou / Przełęcz pod Osterwą ,0
1406,1656,Sedlo Zábrať / Zabratowa Przełęcz ,0
1407,828,Sępia Góra ,3
1408,584,Sidzina ,1
1409,617,Sidzina Dom Dziecka ,1
1410,755,Sidzina Wielka Polana ,1
1411,650,Sidzinka Mała ,1
1412,300,Siedlęcin-Bóbr ,3
1413,180,Sienice ,3
1414,770,Sihelné - Dusak ,1
1415,1669,Siklawa ,0
1416,1117,Siklawica ,0
1417,522,Siodło ,3
1418,928,siodło pod Jawornem ,2
1419,1068,Siodło Zachodnie pod Klimczokiem ,1
1420,1805,Sivý vrch / Siwy Wierch ,0
1421,925,Siwa Polana ,0
1422,1812,Siwa Przełęcz  ,0
1423,1965,Siwy Zwornik ,0
1424,1440,Skalisko ,1
1425,677,Skałka ,3
1426,524,Skalna ,3
1427,770,Skalna Furta ,3
1428,1700,Skalnatá chata / Schronisko Łomnickie ,0
1429,1750,Skalnaté pleso / Łomnicki Staw ,0
1430,721,Skalne Grzyby ,3
1431,670,Skalne Wrota ,3
1432,880,Skalniak ,3
1433,945,Skalnik ,3
1434,1281,Skalny Stół ,3
1435,730,Skały Puchacza ,3
1436,340,Skamieniałe Miasto ,2
1437,467,Skawa PKP ,1
1438,454,Skawica Górna ,1
1439,672,Skawica Sucha Góra ,1
1440,749,Skiełek ,1
1441,285,Skoczów ,1
1442,310,Skoczów Harbutowice ,1
1443,480,Skomielna Czarna ,1
1444,719,Skopiec ,3
1445,384,Skowronków ,3
1446,2226,Skrajny Granat  ,0
1447,980,skrót do Karkoszczonki ,1
1448,684,Skrzętla-Rojówka ,1
1449,230,Skrzyżowanie nad Zuzanką ,3
1450,380,skrzyżowanie z Drogą Dzikiej Świni ,3
1451,280,Skrzyżowanie za Piotrowicami ,3
1452,1770,Škutnastá poľana ,0
1453,460,Skwirtne ,2
1454,1670,Śląski Dom ,0
1455,2452,Slavkovský štít / Sławkowski Szczyt ,0
1456,312,Sławniowice ,3
1457,460,Ślemień ,1
1458,718,Ślęża ,3
1459,580,Śliwnik ,1
1460,771,Słodna ,3
1461,713,Słoneczna Kopa ,3
1462,640,Słoneczne Skały ,3
1463,1423,Słonecznik ,3
1464,830,Słowianka  ,1
1465,419,Słupiec ,3
1466,600,Smerek Wieś ,2
1467,440,Smerekowiec ,2
1468,835,Smerekowiec ,1
1469,1226,Smreczyński Staw  ,0
1470,1100,Smrek TPG ,3
1471,1962,Smutné sedlo / Smutna Przełęcz ,0
1472,1602,Śnieżka ,3
1473,1480,Śnieżne Kotły ,3
1474,1006,Śnieżnica  ,1
1475,1426,Śnieżnik ,3
1476,647,Soblówka ,1
1477,240,Sobota ,3
1478,170,Sobótka ,3
1479,630,Sokolec ,3
1480,747,Sokolica  ,1
1481,1367,Sokolica  ,1
1482,643,Sokolik ,3
1483,613,Sokołowsko ,3
1484,551,Sól ,1
1485,843,Solniska  ,1
1486,884,Sołtysia Kopa ,3
1487,550,Sopotnia Mała ,1
1488,620,Sopotnia Wielka ,1
1489,720,Sopotnia Wielka Kolonia ,1
1490,660,Sopotnia Wielka Mrozówki ,1
1491,380,Sosnówka ,3
1492,886,Soszów Wielki ,1
1493,880,Sowa schronisko ,3
1494,1164,Sowia Przełęcz ,3
1495,675,Sowiniec ,3
1496,1430,Spalona Strażnica ,3
1497,512,Śpilówka ,1
1498,453,Sromowce Niżne ,1
1499,468,Sromowce Wyżne - Kąty ,1
1500,417,Stalownik ,1
1501,340,Stanek ,3
1502,1165,Stanica Štart / Kolej linowa na Łomnicę stacja S ,0
1503,400,Staniszów ,3
1504,573,Stara Białka ,3
1505,590,Stara Jodła ,3
1506,380,Stara Kamienica ,3
1507,530,Stara Morawa ,3
1508,630,Stare Sioło ,2
1509,964,Stare Wierchy ,1
1510,1040,Starorobociańska Dolina ,0
1511,0,Starorobociańska Rówień ,0
1512,2176,Starorobociański Wierch  ,0
1513,650,Starościńskie Skały ,3
1514,797,Stary Groń ,1
1515,310,Stary Sącz ,1
1516,995,Stary Smokowiec ,0
1517,935,Stawieniec ,1
1518,760,Stecówka ,1
1519,1060,Stóg Izerski schronisko ,3
1520,830,Stokłosica ,1
1521,310,Stolec ,3
1522,430,Straconka ,1
1523,611,Straconka ,3
1524,652,Strażnicze Naroże ,3
1525,660,Stroczy Zakręt ,3
1526,420,Stronie ,1
1527,480,Stronie Śląskie ,3
1528,410,Stróża ,1
1529,310,Stróże ,2
1530,517,Stróżek ,3
1531,395,Struga ,3
1532,650,Strużnica ,3
1533,590,Strużnickie Skały ,3
1534,993,Stryb ,2
1535,384,Stryszawa ,1
1536,519,Stryszawa Matusy ,1
1537,580,Stryszawa Roztoki ,1
1538,350,Stryszów ,1
1539,1258,Strzecha Akademicka schronisko ,3
1540,230,Strzegom ,3
1541,170,Strzelce Świdnickie ,3
1542,160,Strzelin ,3
1543,340,Strzyżowiec ,3
1544,553,Studzienno ,3
1545,900,Studzionki stacja turystyczna ,1
1546,469,Styr ,1
1547,343,Sucha Beskidzka ,1
1548,396,Sucha Góra ,1
1549,611,Sucha Góra nad Iwoniczem Zdrojem ,2
1550,703,Sucha Homola ,2
1551,900,Suchacz ,3
1552,617,Suchy Obycz ,2
1553,600,Sularzówka ,1
1554,759,Suliła ,2
1555,270,Sulistrowiczki ,3
1556,290,Sułkowice ,1
1557,880,Sulowa Cyrhla ,1
1558,915,Šumivý prameň / Huczawa ,0
1559,330,Świątek ,3
1560,250,Świdnica ,3
1561,290,Świebodzice ,3
1562,320,Świecie ,3
1563,520,Świeradów Zdrój ,3
1564,700,Świerczyna ,3
1565,530,Świerki ,3
1566,270,Świerzawa ,3
1567,2301,Świnica ,0
1568,2050,Świnicka Przełęcz  ,0
1569,409,Świnna ,1
1570,314,Świnna Poręba ,1
1571,640,Szaflary ,0
1572,742,Szafranówka  ,1
1573,670,Szafranówka - granica  ,1
1574,370,Szalowa ,2
1575,759,Szarcula ,1
1576,555,Szarocin ,3
1577,532,Szczawa ,1
1578,577,Szczawa Bukówka ,1
1579,463,Szczawnica ,1
1580,457,Szczawnica - granica ,1
1581,480,Szczawnica - Na Potoku ,1
1582,550,Szczawnik ,1
1583,425,Szczawno Zdrój ,3
1584,976,Szczebel  ,1
1585,905,Szczeliniec Wielki ,3
1586,1350,Szczyrbskie Jezioro ,0
1587,435,Szczyrk ,1
1588,590,Szczyrk Biła ,1
1589,668,Szczyrk Górka ,1
1590,580,Szczyrk Salmopol ,1
1591,331,Szczyrzyc ,1
1592,812,Szeroka ,3
1593,842,Szeroka ,3
1594,740,Szeroki Most ,3
1595,1395,Szeroki Piarg ,0
1596,680,Szklarska Poręba ,3
1597,780,Szklarska Poręba - Hutnicza Górka ,3
1598,600,Szklarska Poręba Dolna ,3
1599,730,Szklarska Poręba-Huta ,3
1600,1089,Szkolnikowe Rozstaje ,1
1601,539,Szlachtowa ,1
1602,700,Szosa Stu Zakrętów ,3
1603,2134,Szpiglasowa Przełęcz  ,0
1604,802,szpital zakaźny ,0
1605,1362,Szrenica ,3
1606,1310,Szrenica - granica ,3
1607,700,Szrenica - stacja dolna ,3
1608,1300,Szrenica - stacja górna ,3
1609,880,Szrenica - stacja pośrednia ,3
1610,290,Szufnarowa ,2
1611,340,Szymbark ,2
1612,958,Szyndzielnia kolej gondolowa ,1
1613,411,Tabaszowa ,1
1614,1740,Tablica S.Bronikowskiego ,0
1615,384,Tąpadła ,3
1616,422,Tarczynka ,3
1617,402,Targanice ,1
1618,435,Tarnawa Górna ,1
1619,1346,Tarnica ,2
1620,205,Tarnów ,2
1621,200,Tarnów Koszyce ,1
1622,1374,Ťatliakova chata / Bufet Rohacki ,0
1623,1005,Tatranská Javorina / Jaworzyna Tatrzańska ,0
1624,765,Tatranská Kotlina / Tatrzańska Kotlina ,0
1625,925,Tatranská Lesná / Tatrzańska Leśna ,0
1626,995,Tatranská Polianka / Tatrzańska Polanka ,0
1627,885,Tatranské Matliare / Tatrzańskie Matlary ,0
1628,1005,Tatranské Zruby / Tatrzańskie Zręby ,0
1629,850,Tatrzańska Łomnica ,0
1630,270,Tęgoborze ,1
1631,450,Teleśnica Oszwarowa ,2
1632,440,Terka ,2
1633,2015,Téryho chata / Schronisko Teryego ,0
1634,983,Tichá dolina horná časť / Dolina Cicha górna czę ,0
1635,350,Tłumaczów ,3
1636,785,Tokariny ,0
1637,427,Tokarnia ,1
1638,778,Tokarnia ,2
1639,1686,Tomanowa Przełęcz ,0
1640,992,Toporowa Cyrhla ,0
1641,421,Trawna Góra ,1
1642,320,Třinec / Trzyniec dworzec kolejowy ,1
1643,778,Trójgarb ,3
1644,260,Tropie ,2
1645,420,Trupielec ,1
1646,336,Trupina ,3
1647,666,Trybsz ,1
1648,370,Trzcińsko ,3
1649,240,Trzebina ,3
1650,250,Trzebina granica ,3
1651,320,Trzemeśnia ,1
1652,628,Trzy Buki ,3
1653,660,Trzy Jawory ,3
1654,650,Trzy Kopce ,2
1655,794,Trzy Kopce  ,1
1656,1216,Trzy Kopce  ,1
1657,810,Trzy Kopce Wiślańskie ,1
1658,982,Trzy Korony  ,1
1659,461,Trzy Korony schronisko ,1
1660,1758,Trzydniowiański Wierch  ,0
1661,621,Tuł ,1
1662,1310,Turbacz ,1
1663,1285,Turbacz schronisko ,1
1664,684,Turzec ,3
1665,240,Twardocice ,3
1666,383,Twardota ,3
1667,396,Tylawa ,2
1668,590,Tylicz ,1
1669,409,Tylmanowa Rzeka ,1
1670,392,Tymbark ,1
1671,440,Ujazdy ,2
1672,550,Ujsoły ,1
1673,510,Ulicko ,3
1674,510,Uniemyśl ,3
1675,590,Unisław Śląski ,3
1676,673,Urbania Góra ,1
1677,620,Uroczysko ,3
1678,339,Uroczysko pod Czechami ,3
1679,345,Ustroń ,1
1680,434,Ustroń Polana ,1
1681,460,Ustrzyki Dolne ,2
1682,650,Ustrzyki Górne ,2
1683,870,Vanička / Waniczka ,0
1684,1305,Velický most ,0
1685,2023,Veľká Svišťovka / Rakuska Czuba ,0
1686,1615,Veľké Biele pleso / Wielki Biały Staw ,0
1687,1760,vodopád Skok / Wodospad Skok ,0
1688,1230,Vodopády Studeného potoka / Wodospady Zimnej Wod ,0
1689,2429,Východná Vysoká / Mała Wysoka ,0
1690,1100,Vyšné Hágy / Wyżnie Hagi ,0
1691,2145,Vyšné Kôprovské sedlo / Wyżnia Koprowa Przełęcz ,0
1692,266,Wadowice ,1
1693,523,Wał ,1
1694,415,Wałbrzych Miasto PKP ,3
1695,500,Wałbrzych PKP Główny ,3
1696,430,Wałbrzych PTTK Konopnickiej ,3
1697,933,Waligóra ,3
1698,530,Walim ,3
1699,377,Wambierzyce ,3
1700,394,Wapielnica ,2
1701,420,Wapienica Zapora ,1
1702,400,Wapienne ,2
1703,666,Wąwóz Homole ,1
1704,360,Wąwóz Lipa ,3
1705,330,Wąwóz Myśliborski Wschodni ,3
1706,370,Wawóz Myśłiborski Zachodni ,3
1707,310,Wąwóz Siedmicy Wschodni ,3
1708,340,Wąwóz Siedmicy Zachodni ,3
1709,540,Wawrzka ,2
1710,600,Wdżary Niżne ,1
1711,420,Węgierska Górka ,1
1712,568,Węglarz ,3
1713,650,Wetlina ,2
1714,680,Wetlina - Moczarne ,2
1715,740,Wiązowa ,3
1716,413,Widna Góra ,3
1717,600,Widok ,3
1718,995,Wielka Czantoria ,1
1719,871,Wielka Kopa ,3
1720,1170,Wielka Polana w Dolinie Małej Łąki ,0
1721,1191,Wielka Przehyba ,1
1722,1307,Wielka Rawka ,2
1723,1226,Wielka Rycerzowa  ,1
1724,1015,Wielka Sowa ,3
1725,970,Wielkie Rozdroże ,3
1726,719,Wierch Czadeczka ,1
1727,1105,Wierch Poroniec  ,0
1728,887,Wierchomla ,1
1729,540,Wierchomla Wielka - wodospad ,1
1730,778,Wierzbanowska Góra  ,1
1731,500,wieś Równia ,2
1732,490,Wieściszowice ,3
1733,350,Wieszczyna ,3
1734,415,Wieżyca ,3
1735,660,Wilcza Poręba ,3
1736,637,Wilczak ,3
1737,506,Wilcze ,2
1738,392,Wilkowice ,1
1739,503,Wisła Czarne DW PTTK ,1
1740,460,Wisła Dziechcinka ,1
1741,603,Wisła Głębce ,1
1742,470,Wisła Gościejów ,1
1743,476,Wisła Jawornik ,1
1744,560,Wisła Jurzyków ,1
1745,524,Wisła Malinka ,1
1746,490,Wisła Nowa Osada ,1
1747,645,Wisła Os.Skalnity ,1
1748,580,Wisła Osiedle Kozińce ,1
1749,424,Wisła Uzdrowisko ,1
1750,561,Wisła-Czarne Biała Wisełka ,1
1751,400,Wisła-Obłaziec ,1
1752,540,Wisłok Górny ,2
1753,359,Wiśniowa ,1
1754,470,Wiszące Skały ,3
1755,470,Witków ,3
1756,483,Witosza ,3
1757,320,Witoszów Górny ,3
1758,833,Witów ,0
1759,244,Witowice Górne ,1
1760,230,Wleń ,3
1761,757,Włodzicka Góra ,3
1762,1120,Wodogrzmoty Mickiewicza ,0
1763,840,Wodospad Kamieńczyka ,3
1764,600,Wodospad Podgórnej ,3
1765,510,Wodospad Szklarki ,3
1766,340,Wojakowa ,1
1767,360,Wojanów ,3
1768,360,Wojanów PKP ,3
1769,350,Wojcieszów ,3
1770,420,Wojcieszyce ,3
1771,640,Wojkowa ,1
1772,500,Wola Piotrowa ,2
1773,877,Wołek ,3
1774,390,Wolimierz ,3
1775,440,Wołkowyja ,2
1776,1071,Wołosań ,2
1777,750,Wołosate ,2
1778,500,Wołowiec ,2
1779,2062,Wołowiec ,0
1780,560,Worecznik ,1
1781,435,Wróblik ,3
1782,2020,Wrota Chałubińskiego  ,0
1783,310,Wrzeszczyn ,3
1784,624,Wsołowa ,1
1785,430,Wyciąg na Palenicę ,1
1786,600,Wyciąg na Soszów ,1
1787,720,Wyciąg na Stożek ,1
1788,600,Wyciąg Poniwiec ,1
1789,810,Wyciąg Poniwiec górna stacja ,1
1790,800,Wyciąg Szczawiny ,1
1791,900,Wylot ku Dziurze ,0
1792,934,Wylot za Bramką ,0
1793,587,Wysoka ,1
1794,816,Wysoka ,3
1795,330,Wysoka  ,1
1796,1126,Wysoka Kopa ,3
1797,400,Wysoka Stróża ,3
1798,869,Wysoki Groń / Głęboki Wierch ,2
1799,1058,Wysoki Kamień - bufet schronisko w budowie ,3
1800,760,Wysoki Most ,3
1801,815,Wysoki Wierch ,1
1802,520,Wysowa Zdrój ,2
1803,650,Wysowa Zdrój - granica ,2
1804,1200,Wyżnia Dolina Chochołowska ,0
1805,962,Wyżnia Kira Miętusia ,0
1806,1476,Wyżnia Tomanowa Polana ,0
1807,930,Wyżnie Młaki ,1
1808,532,Wzgórze Gedymina ,3
1809,288,Wzgórze Klasztorne ,3
1810,380,Wzgórze Kościuszki ,3
1811,960,Ząb ,0
1812,280,Ząbkowice Śląskie ,3
1813,470,Żabnica ,1
1814,598,Żabnica Skałka ,1
1815,490,Zachełmie ,3
1816,1325,Zadná Látaná dolina / Dolina Zadnia Łatana ,0
1817,2240,Zadni Granat ,0
1818,724,Zadzierna ,3
1819,310,Zagórz ,2
1820,380,Zagórze Śląskie ,3
1821,684,Zagronie ,1
1822,1480,Záhradky ,0
1823,580,Zajęcznik ,3
1824,874,Zakopane Hotel Kasprowy ,0
1825,790,Zakręt Śmierci ,3
1826,669,Zakrzosek ,1
1827,630,Zameczek ,1
1828,560,Zamek Bolczów ,3
1829,365,Zamek Cisy ,3
1830,300,Zamek Czocha ,3
1831,390,Zamek Gryf ,3
1832,390,Zamek Książ ,3
1833,480,Zamkowa ,2
1834,807,Zapadliska ,1
1835,500,Żar ,1
1836,761,Żar ,1
1837,654,Zarębek ,1
1838,571,Zarębówka ,1
1839,475,Zasypnica ,1
1840,520,Zatwarnica ,2
1841,640,Zawadka ,1
1842,240,Zawidów ,3
1843,575,Zawoja ,1
1844,480,Zawoja Marszałki ,1
1845,616,Zawoja Wełcza ,1
1846,597,Zawoja Widły ,1
1847,1876,Zawory ,0
1848,1863,Zawracie  ,0
1849,2159,Zawrat ,0
1850,1960,Zbojnícka chata / Schronisko Zbójnickie ,0
1851,349,Zbylut ,3
1852,430,Żdanów ,3
1853,875,Ždiar Penzión 0 / Zdziar Pensjonat 0 ,0
1854,1020,Ždiar Strednica / Zdziar Strednica ośrodek narci ,0
1855,490,Żegiestów Wieś ,1
1856,440,Żegiestów Zdrój ,1
1857,360,Żegocina ,1
1858,320,Żelazno ,3
1859,550,Żelazny Mostek ,3
1860,912,Żeleźnica  ,1
1861,240,Żelowice ,3
1862,859,Zembalowa  ,1
1863,320,Zembrzyce ,1
1864,695,Zęzów ,1
1865,1300,Žiarska chata / Schronisko Żarskie ,0
1866,1917,Žiarske sedlo / Żarska Przełęcz ,0
1867,210,Ziębice PKP ,3
1868,1140,Zielony Kopiec ,1
1869,1672,Zielony Staw Gąsienicowy  ,0
1870,525,Zimna Przełęcz ,3
1871,690,Zimný - osada ,1
1872,621,Złatna - Szkoła ,1
1873,740,Złatna Huta ,1
1874,777,Złatne  ,1
1875,2150,Żleb Kulczyńskiego ,0
1876,560,Żłób ,3
1877,370,Złotniki Lubańskie ,3
1878,335,Złoty Las ,3
1879,340,Złoty Potok ,3
1880,363,Złoty Stok ,3
1881,600,Złoty Widok ,3
1882,850,Żółta Droga ,3
1883,560,Zubeńsko ,2
1884,755,Zuberec / Zuberzec ,0
1885,795,Zuberec Prte / Zuberzec Prte ,0
1886,630,Żubracze ,2
1887,665,Zubrzyca Dolna ,1
1888,760,Zubrzyca Górna ,1
1889,738,Zubrzyca Górna - Zimna Dziura ,1
1890,724,Żurawnica ,1
1891,671,Zwardoń ,1
1892,350,Zwierzyń ,2
1893,740,Zygmuntówka schronisko ,3
1894,450,Zyndranowa / skansen ,2
1895,348,Żywiec ,1
